ElementID,SetNumber,Qty,Colour,Category,DesignID,ElementName,ImageURL,ElementSetCount,PiecesPresent
9339,75105-1,1,Black,Minifigure Parts,73200,MINI BODY LOWER PART BLACK,/cdn/cs/set/assets/blt974e8ed31a9c5d05/9339.jpg,1015,0
242026,75105-1,4,Black,Plates,2420,CORNER PLATE 1X2X2,/cdn/cs/set/assets/bltc4825c65a356114a/242026.jpg,738,4
243126,75105-1,3,Black,Plates,2431,FLAT TILE 1X4,/cdn/cs/set/assets/blt6803623b01999914/243126.jpg,952,3
244526,75105-1,1,Black,Plates,2445,PLATE 2X12,/cdn/cs/set/assets/blt045a7d1e2f63adea/244526.jpg,401,1
300126,75105-1,2,Black,Bricks,3001,BRICK 2X4,/cdn/cs/set/assets/bltfeb4c126df403de0/300126.jpg,785,2
300426,75105-1,4,Black,Bricks,3004,BRICK 1X2,/cdn/cs/set/assets/blt41362383f8120185/300426.jpg,1049,4
302326,75105-1,55,Black,Plates,3023,PLATE 1X2,/cdn/cs/set/assets/bltf66a5a127590bc4c/302326.jpg,1816,55
303226,75105-1,1,Black,Plates,3032,PLATE 4X6,/cdn/cs/set/assets/blt25dda942b7d3ea9d/303226.jpg,480,1
303926,75105-1,3,Black,Bricks,3039,ROOF TILE 2X2/45°,/cdn/cs/set/assets/bltde7ab9c979d0cdd6/303926.jpg,439,3
346026,75105-1,6,Black,Plates,3460,PLATE 1X8,/cdn/cs/set/assets/bltf32873adb631b2a8/346026.jpg,665,6
362326,75105-1,3,Black,Plates,3623,PLATE 1X3,/cdn/cs/set/assets/blt4339cf7b5b50159d/362326.jpg,894,3
368026,75105-1,3,Black,Miscellaneous,3680,"TURN PLATE 2X2, LOWER PART",/cdn/cs/set/assets/bltd5fec78639e1b39b/368026.jpg,351,3
370226,75105-1,2,Black,Bricks,3702,TECHNIC BRICK 1X8,/cdn/product-assets/element.img.lod5photo.192x192/370226.jpg,266,2
393826,75105-1,1,Black,Miscellaneous,3938,PLATE 1X2 (ROCKING),/cdn/cs/set/assets/blt8f25c5089748025e/393826.jpg,256,0
400626,75105-1,1,Black,Minifigure Accessories,4006,SCREWDRIVER/SPANNER,/cdn/cs/set/assets/blt440db88c692e8f85/400626.jpg,339,0
614126,75105-1,4,Black,Plates,6141,ROUND PLATE 1X1,/cdn/cs/set/assets/blt1d55e0a54cb35585/614126.jpg,1072,4
617926,75105-1,1,Black,Plates,6179,PLATE 4X4 W. 4 KNOBS,/cdn/cs/set/assets/blt334f77d78ad76227/617926.jpg,150,1
4107761,75105-1,2,Black,Plates,32028,PLATE 1X2 WITH SLIDE,/cdn/cs/set/assets/blt0df2bfc21e55ef9c/4107761.jpg,354,2
4141580,75105-1,1,Black,Connectors,4735,HOLDER 16 MM,/cdn/product-assets/element.img.lod5photo.192x192/4141580.jpg,111,0
4163373,75105-1,1,Black,Bricks,3043,RIDGED TILE 2X2/45°,/cdn/product-assets/element.img.lod5photo.192x192/4163373.jpg,58,0
4498713,75105-1,1,Black,Minifigure Accessories,58247,Blaster Medium,/cdn/product-assets/element.img.lod5photo.192x192/4498713.jpg,205,0
4517986,75105-1,1,Black,Miscellaneous,61485,BOTTOM W. TURNTABLE 4X4,/cdn/product-assets/element.img.lod5photo.192x192/4517986.jpg,289,1
4535739,75105-1,2,Black,Plates,63868,"PLATE 2X1 W/HOLDER,VERTICAL",/cdn/cs/set/assets/bltca4ed3e693ef6246/4535739.jpg,219,2
4558957,75105-1,1,Black,Bricks,87081,BRICK 4X4 ROUND W. Ø4.9 W. KL.,/cdn/cs/set/assets/blt6d1aa2f695b09258/4558957.jpg,127,1
4584274,75105-1,8,Black,Bricks,87620,Brick 2x2 w. angle 45 degrees,/cdn/cs/set/assets/bltdee5934562c810e9/4584274.jpg,80,3
4598528,75105-1,2,Black,Plates,92280,PLATE 1X2 W. VERTICAL GRIP,/cdn/cs/set/assets/blte4b2c183f3e98aca/4598528.jpg,269,2
4609050,75105-1,1,Black,Minifigure Accessories,92738,BLASTER SMALL,/cdn/product-assets/element.img.lod5photo.192x192/4609050.jpg,136,0
6021512,75105-1,1,Black,Plates,42125,DÆKPLADE 1X2 'NR. 70',/cdn/product-assets/element.img.lod5photo.192x192/6021512.jpg,35,0
6060815,75105-1,1,Black,Minifigure Parts,92756,QUI-GON JINN WIG,/cdn/product-assets/element.img.lod5photo.192x192/6060815.jpg,5,0
6117858,75105-1,1,Black,Miscellaneous,20105,MINI SHOOTER CB W. Ø3.2 SHAFT,/cdn/product-assets/element.img.lod5photo.192x192/6117858.jpg,17,0
6117973,75105-1,13,Black,Plates,21712,ANGLE PLATE 1X2 / 2X2,/cdn/cs/set/assets/blt6fbfa77fc9e5124c/6117973.jpg,328,12
6122096,75105-1,1,Black,Minifigure Parts,21778,MINI WIG NO. 104,/cdn/cs/set/assets/blt553ae93a276c3224/6122096_front.png,59,0
6127398,75105-1,1,Black,Minifigure Accessories,23957,SHIELD ' NO.7',/cdn/product-assets/element.img.lod5photo.192x192/6127398.jpg,3,0
6127401,75105-1,1,Black,Minifigure Parts,23958,MINI LOWER PART 'NO. 960',/cdn/product-assets/element.img.lod5photo.192x192/6127401.jpg,3,0
6127437,75105-1,1,Black,Minifigure Parts,23967,MINI LOWER PART 'NO. 961',/cdn/product-assets/element.img.lod5photo.192x192/6127437.jpg,1,0
6146220,75105-1,3,Black,Buildings & Furniture,26169,WALL ELEMENT 1X2X1,/cdn/product-assets/element.img.lod5photo.192x192/6146220.jpg,123,0
4121715,75105-1,36,Black,Connectors,2780,CONNECTOR PEG W. FRICTION,/cdn/cs/set/assets/blt935b4468e2952081/4121715.jpg,2207,36
4184169,75105-1,4,Black,Connectors,6628,BALL WITH FRICTION SNAP,/cdn/product-assets/element.img.lod5photo.192x192/4184169.jpg,398,4
4495935,75105-1,2,Black,Technic Beams,32524,TECHNIC 7M BEAM,/cdn/cs/set/assets/bltf07ddceda1958163/4495935.jpg,264,2
4113917,75105-1,3,Brick Yellow,Plates,3023,PLATE 1X2,/cdn/cs/set/assets/blte690840ea2e3727f/4113917.jpg,870,3
4114026,75105-1,8,Brick Yellow,Plates,3069,FLAT TILE 1X2,/cdn/cs/set/assets/blte8d80be0e112a57e/4114026.jpg,420,3
4114084,75105-1,23,Brick Yellow,Plates,3022,PLATE 2X2,/cdn/cs/set/assets/blt983bca879ff4c1d4/4114084.jpg,583,10
4114306,75105-1,1,Brick Yellow,Bricks,3003,BRICK 2X2,/cdn/cs/set/assets/blt224310c98da958cc/4114306.jpg,355,1
4114319,75105-1,2,Brick Yellow,Bricks,3001,BRICK 2X4,/cdn/cs/set/assets/bltbff237e63473d67c/4114319.jpg,290,2
4117070,75105-1,2,Brick Yellow,Bricks,3062,ROUND BRICK 1X1,/cdn/cs/set/assets/blt474cd45adc140f75/4117070.jpg,232,0
4124067,75105-1,5,Brick Yellow,Plates,3666,PLATE 1X6,/cdn/cs/set/assets/blt54bc05514547a2ef/4124067.jpg,345,2
4140562,75105-1,4,Brick Yellow,Plates,4032,PLATE 2X2 ROUND,/cdn/cs/set/assets/blt928d1d44569b1f02/4140562.jpg,244,1
4161734,75105-1,9,Brick Yellow,Plates,6141,ROUND PLATE 1X1,/cdn/cs/set/assets/blt3a5d1baa995f121c/4161734.jpg,358,2
4218749,75105-1,6,Brick Yellow,Bricks,30136,PALISADE BRICK 1X2,/cdn/cs/set/assets/blt618ff2efe48786f9/4218749.jpg,218,5
4234365,75105-1,2,Brick Yellow,Bricks,3701,"TECHNIC BRICK 1X4, Ø4,9",/cdn/product-assets/element.img.lod5photo.192x192/4234365.jpg,64,0
4249019,75105-1,2,Brick Yellow,Plates,3832,PLATE 2X10,/cdn/cs/set/assets/bltc978d05e87d71662/4249019.jpg,147,2
4500453,75105-1,6,Brick Yellow,Bricks,3747,ROOF TILE 2X3/25° INV.,/cdn/product-assets/element.img.lod5photo.192x192/4500453.jpg,48,0
4624086,75105-1,4,Brick Yellow,Bricks,85984,"ROOF TILE 1 X 2 X 2/3, ABS",/cdn/cs/set/assets/blt00d9fb9c7caae9b1/4624086.jpg,236,0
6013081,75105-1,3,Brick Yellow,Plates,11203,FLAT TILE 2X2 INV.,/cdn/product-assets/element.img.lod5photo.192x192/6013081.jpg,58,1
6079724,75105-1,4,Brick Yellow,Bricks,16577,BRICK W. BOW 1X8X2,/cdn/product-assets/element.img.lod5photo.192x192/6079724.jpg,24,2
6122047,75105-1,2,Brick Yellow,Plates,87079,FLAT TILE 2X4,/cdn/product-assets/element.img.lod5photo.192x192/6122047.jpg,175,1
302123,75105-1,2,Bright Blue,Plates,3021,PLATE 2X3,/cdn/cs/set/assets/bltf4842509b66e64b3/302123.jpg,411,2
4119014,75105-1,2,Bright Blue,Bricks,6541,TECHNIC BRICK 1X1,/cdn/product-assets/element.img.lod5photo.192x192/4119014.jpg,69,0
4206482,75105-1,2,Bright Blue,Connectors,43093,CONN.BUSH W.FRIC./CROSSALE,/cdn/cs/set/assets/bltbb48cde4adaa84c6/4206482.jpg,2010,2
4514553,75105-1,6,Bright Blue,Connectors,6558,CONNECTOR PEG W. FRICTION 3M,/cdn/product-assets/element.img.lod5photo.192x192/4514553.jpg,818,6
6240515,75105-1,1,Bright Orange,Miscellaneous,31510,ELEMENT SEPARATOR,/cdn/product-assets/element.img.lod5photo.192x192/6240515.jpg,842,0
300121,75105-1,1,Bright Red,Bricks,3001,BRICK 2X4,/cdn/cs/set/assets/blt397a36226e200f8a/300121.jpg,622,1
302021,75105-1,2,Bright Red,Plates,3020,PLATE 2X4,/cdn/cs/set/assets/blte2b3747cd61d84c2/302021.jpg,813,1
613421,75105-1,1,Bright Red,Miscellaneous,6134,PLATE 2X2 (ROCKING),/cdn/product-assets/element.img.lod5photo.192x192/613421.jpg,113,0
4611701,75105-1,5,Bright Red,Plates,88072,PLATE 1X2 W. VERTICAL SCHAFT,/cdn/product-assets/element.img.lod5photo.192x192/4611701.jpg,32,0
6019155,75105-1,3,Bright Red,Bricks,11211,BRICK 1X2 W. 2 KNOBS,/cdn/product-assets/element.img.lod5photo.192x192/6019155.jpg,178,0
4140806,75105-1,2,Bright Red,Connectors,32054,2M FRIC. SNAP W/CROSS HOLE,/cdn/product-assets/element.img.lod5photo.192x192/4140806.jpg,255,2
6058788,75105-1,1,Dark Brown,Minifigure Parts,76382,MINI UPPER PART NO. 2586,/cdn/product-assets/element.img.lod5photo.192x192/6058788.jpg,26,0
6063666,75105-1,1,Dark Brown,Minifigure Parts,16781,CREATURE NO. 13 'DEC NO 1',/cdn/product-assets/element.img.lod5photo.192x192/6063666.jpg,18,0
6063675,75105-1,1,Dark Brown,Minifigure Parts,16782,MINI LOWER PART 'NO. 632',/cdn/product-assets/element.img.lod5photo.192x192/6063675.jpg,21,0
6122095,75105-1,1,Dark Brown,Minifigure Parts,21777,MINI FIGURE WIG NO. 101,/cdn/product-assets/element.img.lod5photo.192x192/6122095.jpg,11,0
6127399,75105-1,1,Dark Brown,Minifigure Parts,76382,MINI UPPER PART NO 3175,/cdn/product-assets/element.img.lod5photo.192x192/6127399.jpg,3,0
6127434,75105-1,1,Dark Brown,Minifigure Parts,23966,MINI LOWER PART 'NO. 962',/cdn/product-assets/element.img.lod5photo.192x192/6127434.jpg,1,0
6127435,75105-1,1,Dark Brown,Minifigure Parts,76382,MINI UPPER PART NO 3176,/cdn/product-assets/element.img.lod5photo.192x192/6127435.jpg,1,0
6074890,75105-1,2,Dark Orange,Bricks,3062,ROUND BRICK 1X1,/cdn/product-assets/element.img.lod5photo.192x192/6074890.jpg,58,0
4539076,75105-1,4,Dark Red,Plates,3623,PLATE 1X3,/cdn/cs/set/assets/blt9673ff0d69dbc610/4539076.jpg,109,0
4539090,75105-1,11,Dark Red,Plates,3069,FLAT TILE 1X2,/cdn/cs/set/assets/blt52f03ef210a77cae/4539090.jpg,176,0
4539102,75105-1,5,Dark Red,Bricks,3004,BRICK 1X2,/cdn/cs/set/assets/blt594d8a46254e5991/4539102.jpg,144,0
4585479,75105-1,1,Dark Red,Plates,3022,PLATE 2X2,/cdn/cs/set/assets/blt9c6f685a673b69fb/4585479.jpg,134,0
4209014,75105-1,4,Dark Stone Grey,Plates,47398,RIGHT PLATE W. ANGLE 3X12,/cdn/product-assets/element.img.lod5photo.192x192/4209014.jpg,55,4
4210631,75105-1,9,Dark Stone Grey,Plates,2412,RADIATOR GRILLE 1X2,/cdn/cs/set/assets/blt35f39aa066cd861f/4210631.jpg,741,9
4210633,75105-1,9,Dark Stone Grey,Plates,6141,ROUND PLATE 1X1,/cdn/cs/set/assets/bltf2f1d6858bf24a81/4210633.jpg,550,2
4210636,75105-1,6,Dark Stone Grey,Bricks,2877,PROFILE BRICK 1X2,/cdn/cs/set/assets/blt6089d008d664283b/4210636.jpg,314,1
4210651,75105-1,4,Dark Stone Grey,Plates,6636,FLAT TILE 1X6,/cdn/cs/set/assets/blt0773521207ecbb50/4210651.jpg,370,4
4210660,75105-1,4,Dark Stone Grey,Plates,2540,PLATE 1X2 W. STICK,/cdn/cs/set/assets/blt5acbcd860c221805/4210660.jpg,452,4
4210676,75105-1,2,Dark Stone Grey,Minifigure Accessories,6190,TELEPHONE RECEIVER,/cdn/product-assets/element.img.lod5photo.192x192/4210676.jpg,64,0
4210690,75105-1,2,Dark Stone Grey,Bricks,2453,BRICK 1X1X5,/cdn/product-assets/element.img.lod5photo.192x192/4210690.jpg,67,2
4210718,75105-1,14,Dark Stone Grey,Bricks,6249,BEARING ELEMENT 2X4 W.D. SNAP,/cdn/product-assets/element.img.lod5photo.192x192/4210718.jpg,51,11
4210725,75105-1,2,Dark Stone Grey,Bricks,30414,BRICK 1X4 W. 4 KNOBS,/cdn/cs/set/assets/blt87bcc50eec96a47a/4210725.jpg,295,2
4210997,75105-1,1,Dark Stone Grey,Plates,3034,PLATE 2X8,/cdn/cs/set/assets/blt97a7c652adde3f2c/4210997.jpg,554,1
4210998,75105-1,2,Dark Stone Grey,Plates,3460,PLATE 1X8,/cdn/cs/set/assets/blte9f3b872450d9560/4210998.jpg,479,2
4211001,75105-1,4,Dark Stone Grey,Plates,3710,PLATE 1X4,/cdn/cs/set/assets/blt0a4e2da6856d5b46/4211001.jpg,941,4
4211002,75105-1,13,Dark Stone Grey,Plates,3795,PLATE 2X6,/cdn/cs/set/assets/blt63737565264524a1/4211002.jpg,868,13
4211043,75105-1,44,Dark Stone Grey,Plates,3021,PLATE 2X3,/cdn/cs/set/assets/blt4b16e1660ae24ab5/4211043.jpg,894,26
4211052,75105-1,6,Dark Stone Grey,Plates,3069,FLAT TILE 1X2,/cdn/cs/set/assets/blt1e970ee3e9fb58a2/4211052.jpg,573,2
4211056,75105-1,8,Dark Stone Grey,Plates,3666,PLATE 1X6,/cdn/cs/set/assets/blt6e5f5bdf8a90d761/4211056.jpg,687,8
4211061,75105-1,1,Dark Stone Grey,Plates,3035,PLATE 4X8,/cdn/cs/set/assets/blt6ef7978c910c9653/4211061.jpg,314,1
4211063,75105-1,21,Dark Stone Grey,Plates,3023,PLATE 1X2,/cdn/cs/set/assets/blt5e59f7fecdae293c/4211063.jpg,1100,7
4211065,75105-1,19,Dark Stone Grey,Plates,3020,PLATE 2X4,/cdn/cs/set/assets/blt63e5d390bc888e37/4211065.jpg,1072,19
4211068,75105-1,6,Dark Stone Grey,Bricks,4287,ROOF TILE 1X3/25° INV.,/cdn/cs/set/assets/bltb00708a7578de138/4211068.jpg,160,0
4211090,75105-1,2,Dark Stone Grey,Bricks,3062,ROUND BRICK 1X1,/cdn/cs/set/assets/bltfe97732252159e5c/4211090.jpg,324,1
4211094,75105-1,6,Dark Stone Grey,Plates,3022,PLATE 2X2,/cdn/cs/set/assets/bltab5ad5ebc806c1aa/4211094.jpg,958,6
4211098,75105-1,4,Dark Stone Grey,Bricks,3005,BRICK 1X1,/cdn/cs/set/assets/blt771fdb9d61a471db/4211098.jpg,421,0
4211115,75105-1,2,Dark Stone Grey,Plates,3032,PLATE 4X6,/cdn/cs/set/assets/blt82403798e9728b71/4211115.jpg,450,2
4211128,75105-1,2,Dark Stone Grey,Bricks,30236,BRICK 1X2 WITH STICK,/cdn/product-assets/element.img.lod5photo.192x192/4211128.jpg,117,0
4211129,75105-1,4,Dark Stone Grey,Plates,2460,PLATE 2X2 W. VERTICAL SNAP,/cdn/product-assets/element.img.lod5photo.192x192/4211129.jpg,114,4
4211134,75105-1,4,Dark Stone Grey,Plates,3958,PLATE 6X6,/cdn/cs/set/assets/bltaa8f95761f506dea/4211134.jpg,233,4
4211135,75105-1,4,Dark Stone Grey,Bricks,3040,ROOF TILE 1X2/45°,/cdn/cs/set/assets/bltb8692e440b152360/4211135.jpg,446,0
4222042,75105-1,4,Dark Stone Grey,Plates,30565,"PLATE 4X4, 1/4 CIRCLE",/cdn/cs/set/assets/blt3e67e503519f4553/4222042.jpg,98,4
4227398,75105-1,3,Dark Stone Grey,Plates,3709,"PLATE 2X4, 3XØ4.9",/cdn/product-assets/element.img.lod5photo.192x192/4227398.jpg,176,0
4227517,75105-1,1,Dark Stone Grey,Plates,30350,PLATE 2X3 W. HOLDER,/cdn/product-assets/element.img.lod5photo.192x192/4227517.jpg,82,0
4234534,75105-1,6,Dark Stone Grey,Bricks,3678,ROOF TILE 2X2X2/65 DEG.,/cdn/product-assets/element.img.lod5photo.192x192/4234534.jpg,113,0
4243831,75105-1,5,Dark Stone Grey,Plates,3031,PLATE 4X4,/cdn/cs/set/assets/blt1a80a79fd064d410/4243831.jpg,476,5
4256828,75105-1,4,Dark Stone Grey,Bricks,3703,"TECHNIC BRICK 1X16, Ø4,9",/cdn/product-assets/element.img.lod5photo.192x192/4256828.jpg,90,4
4263176,75105-1,2,Dark Stone Grey,Plates,3839,MINI HANDLE,/cdn/product-assets/element.img.lod5photo.192x192/4263176.jpg,145,0
4287972,75105-1,1,Dark Stone Grey,Bricks,41767,RIGHT BRICK 2X4 W/ANGLE,/cdn/product-assets/element.img.lod5photo.192x192/4287972.jpg,40,0
4287973,75105-1,1,Dark Stone Grey,Bricks,41768,LEFT BRICK 2X4 W/ANGLE,/cdn/product-assets/element.img.lod5photo.192x192/4287973.jpg,40,0
4290149,75105-1,1,Dark Stone Grey,Plates,54384,LEFT PLATE 3X6 W ANGLE,/cdn/product-assets/element.img.lod5photo.192x192/4290149.jpg,93,1
4290150,75105-1,1,Dark Stone Grey,Plates,54383,RIGHT PLATE 3X6 W. ANGLE,/cdn/product-assets/element.img.lod5photo.192x192/4290150.jpg,89,1
4505068,75105-1,1,Dark Stone Grey,Buildings & Furniture,59349,"WALL ELEMENT 1x6x5, ABS",/cdn/product-assets/element.img.lod5photo.192x192/4505068.jpg,39,0
4509911,75105-1,1,Dark Stone Grey,Plates,6179,PLATE 4X4 W. 4 KNOBS,/cdn/product-assets/element.img.lod5photo.192x192/4509911.jpg,92,0
4520307,75105-1,1,Dark Stone Grey,Buildings & Furniture,61780,BOX 2X2X2,/cdn/product-assets/element.img.lod5photo.192x192/4520307.jpg,99,0
4521187,75105-1,40,Dark Stone Grey,Plates,60478,PLATE 1X2 W/SHAFT Ø3.2,/cdn/cs/set/assets/blt928253bb741d378e/4521187.jpg,374,0
4527082,75105-1,5,Dark Stone Grey,Plates,51739,PLATE 2X4X18°,/cdn/product-assets/element.img.lod5photo.192x192/4527082.jpg,137,0
4528323,75105-1,1,Dark Stone Grey,Plates,60474,PLATE 4X4 ROUND W. SNAP,/cdn/product-assets/element.img.lod5photo.192x192/4528323.jpg,218,1
4535930,75105-1,2,Dark Stone Grey,Bricks,60477,ROOF TILE 1X4X1,/cdn/cs/set/assets/bltf85c07d79975e3f4/4535930.jpg,97,0
4540386,75105-1,4,Dark Stone Grey,Miscellaneous,61409,ROOF TILE W. LATTICE 1x2x2/3,/cdn/product-assets/element.img.lod5photo.192x192/4540386.jpg,404,0
4543086,75105-1,2,Dark Stone Grey,Plates,32028,PLATE 1X2 WITH SLIDE,/cdn/cs/set/assets/bltbfb7aac381d45253/4543086.jpg,253,0
4549886,75105-1,2,Dark Stone Grey,Vehicles & Transportation,60208,"Turbine ø31,37 w.holes ø 4,85",/cdn/product-assets/element.img.lod5photo.192x192/4549886.jpg,52,1
4558955,75105-1,2,Dark Stone Grey,Bricks,87087,BRICK 1X1 W. 1 KNOB,/cdn/cs/set/assets/bltd6b4c21c85c815dc/4558955.jpg,265,0
4567887,75105-1,2,Dark Stone Grey,Bricks,85984,"ROOF TILE 1 X 2 X 2/3, ABS",/cdn/cs/set/assets/blt4485a505b426092a/4567887.jpg,485,0
4579354,75105-1,2,Dark Stone Grey,Plates,61252,PLATE 1X1 W/HOLDER VERTICAL,/cdn/cs/set/assets/blt1e7fddf31607d15c/4579354.jpg,152,2
4583879,75105-1,3,Dark Stone Grey,Bricks,90258,BRICK 2X2 W/GROOVE A.CR.HOLE,/cdn/product-assets/element.img.lod5photo.192x192/4583879.jpg,40,3
4586562,75105-1,4,Dark Stone Grey,Plates,47397,LEFT PLATE W. ANGLE 3X12,/cdn/product-assets/element.img.lod5photo.192x192/4586562.jpg,54,3
4587212,75105-1,2,Dark Stone Grey,Plates,60897,PLATE 1X1 W. HOLDER,/cdn/cs/set/assets/blt0aafb243822ec86d/4587212.jpg,165,0
4595710,75105-1,14,Dark Stone Grey,Plates,92099,PLATE 4X5 W. SHAFT Ø3.2,/cdn/product-assets/element.img.lod5photo.192x192/4595710.jpg,135,11
4603504,75105-1,4,Dark Stone Grey,Miscellaneous,4175,LADDER 1X2X2,/cdn/product-assets/element.img.lod5photo.192x192/4603504.jpg,43,0
4611703,75105-1,6,Dark Stone Grey,Plates,88072,PLATE 1X2 W. VERTICAL SCHAFT,/cdn/cs/set/assets/blt514d2ae6b003d6f1/4611703.jpg,94,0
4648256,75105-1,1,Dark Stone Grey,Bricks,93273,PLATE W. BOW 1X4X2/3,/cdn/cs/set/assets/bltb703184583ecd5a0/4648256.jpg,227,0
6000606,75105-1,3,Dark Stone Grey,Plates,99780,ANGULAR PLATE 1.5 BOT. 1X2 1/2,/cdn/cs/set/assets/bltef77de16a103dfa8/6000606.jpg,527,0
6003058,75105-1,1,Dark Stone Grey,Vehicles & Transportation,2440,SNOW PLOUGH LL,/cdn/product-assets/element.img.lod5photo.192x192/6003058.jpg,11,0
6039176,75105-1,2,Dark Stone Grey,Plates,11212,PLATE 3X3,/cdn/product-assets/element.img.lod5photo.192x192/6039176.jpg,174,0
6048898,75105-1,2,Dark Stone Grey,Miscellaneous,15400,SPRING SHOOTER 1X4,/cdn/product-assets/element.img.lod5photo.192x192/6048898.jpg,144,2
6051334,75105-1,1,Dark Stone Grey,Miscellaneous,15392,TRIGGER FOR MINI SHOOTER,/cdn/product-assets/element.img.lod5photo.192x192/6051334.jpg,366,0
6071226,75105-1,15,Dark Stone Grey,Plates,15712,PLATE 1X1 W. UP RIGHT HOLDER,/cdn/cs/set/assets/bltfafc281ec4e35dc0/6071226.jpg,164,0
6081987,75105-1,3,Dark Stone Grey,Buildings & Furniture,18274,STICK 6M W/FLANGE,/cdn/product-assets/element.img.lod5photo.192x192/6081987.jpg,41,0
6086709,75105-1,2,Dark Stone Grey,Plates,18624,PLATE 1X4 SPLIT-LEVEL,/cdn/product-assets/element.img.lod5photo.192x192/6086709.jpg,55,0
6106283,75105-1,1,Dark Stone Grey,Miscellaneous,19798,UNDERCARRIAGE 2X2X2,/cdn/product-assets/element.img.lod5photo.192x192/6106283.jpg,49,0
6126083,75105-1,1,Dark Stone Grey,Plates,23893,PLATE 2X2 W 1 KNOB,/cdn/product-assets/element.img.lod5photo.192x192/6126083.jpg,317,0
6127427,75105-1,1,Dark Stone Grey,Minifigure Parts,76382,MINI UPPER PART NO 3177,/cdn/product-assets/element.img.lod5photo.192x192/6127427.jpg,1,0
4502089,75105-1,2,Earth Blue,Plates,3710,PLATE 1X4,/cdn/cs/set/assets/blt876f55942e10e1e1/4502089.jpg,236,0
6124907,75105-1,1,Light Nougat,Minifigure Parts,23783,MINI HEAD NO '1778',/cdn/product-assets/element.img.lod5photo.192x192/6124907.jpg,16,0
6127387,75105-1,1,Light Nougat,Minifigure Parts,23954,MINI HEAD NO '1808',/cdn/product-assets/element.img.lod5photo.192x192/6127387.jpg,1,0
6062386,75105-1,2,Medium Lavender,Plates,14769,"FLAT TILE 2X2, ROUND",/cdn/product-assets/element.img.lod5photo.192x192/6062386.jpg,49,2
6127357,75105-1,1,Medium Nougat,Minifigure Parts,76382,MINI UPPER PART NO 3174,/cdn/product-assets/element.img.lod5photo.192x192/6127357.jpg,4,0
6127404,75105-1,1,Medium Nougat,Minifigure Parts,23959,MINI HEAD NO '1810',/cdn/product-assets/element.img.lod5photo.192x192/6127404.jpg,1,0
6127428,75105-1,1,Medium Nougat,Minifigure Parts,23964,MINI HEAD NO '1809',/cdn/product-assets/element.img.lod5photo.192x192/6127428.jpg,1,0
4166618,75105-1,1,Medium Stone Grey,Plates,41539,PLATE 8X8,/cdn/cs/set/assets/blt8304e24e6844d2b2/4166618.jpg,99,0
4208988,75105-1,8,Medium Stone Grey,Plates,47397,LEFT PLATE W. ANGLE 3X12,/cdn/product-assets/element.img.lod5photo.192x192/4208988.jpg,66,5
4209006,75105-1,8,Medium Stone Grey,Plates,47398,RIGHT PLATE W. ANGLE 3X12,/cdn/product-assets/element.img.lod5photo.192x192/4209006.jpg,63,5
4211352,75105-1,1,Medium Stone Grey,Plates,2419,CORNER PLATE 3X6,/cdn/product-assets/element.img.lod5photo.192x192/4211352.jpg,89,1
4211353,75105-1,5,Medium Stone Grey,Plates,2420,CORNER PLATE 1X2X2,/cdn/cs/set/assets/blt2f4fbce66ea25d80/4211353.jpg,491,0
4211356,75105-1,2,Medium Stone Grey,Plates,2431,FLAT TILE 1X4,/cdn/cs/set/assets/blt45ae781f5a05f24b/4211356.jpg,656,0
4211360,75105-1,1,Medium Stone Grey,Plates,2445,PLATE 2X12,/cdn/cs/set/assets/blt79a6fd10391dd857/4211360.jpg,249,0
4211386,75105-1,4,Medium Stone Grey,Bricks,3002,BRICK 2X3,/cdn/cs/set/assets/blt180e49928a151433/4211386.jpg,315,0
4211388,75105-1,11,Medium Stone Grey,Bricks,3004,BRICK 1X2,/cdn/cs/set/assets/bltc3e47a52271f80ac/4211388.jpg,762,8
4211393,75105-1,31,Medium Stone Grey,Bricks,3009,BRICK 1X6,/cdn/cs/set/assets/bltb90fa612cb89f13b/4211393.jpg,392,15
4211394,75105-1,6,Medium Stone Grey,Bricks,3010,BRICK 1X4,/cdn/cs/set/assets/bltad3ca582956231e3/4211394.jpg,538,0
4211395,75105-1,2,Medium Stone Grey,Plates,3020,PLATE 2X4,/cdn/cs/set/assets/blt51f7942b8b95bd55/4211395.jpg,1150,2
4211396,75105-1,3,Medium Stone Grey,Plates,3021,PLATE 2X3,/cdn/cs/set/assets/blt24cb2c52aa9d9e90/4211396.jpg,891,3
4211398,75105-1,6,Medium Stone Grey,Plates,3023,PLATE 1X2,/cdn/cs/set/assets/blt8f8161d040c22bbd/4211398.jpg,1358,6
4211399,75105-1,8,Medium Stone Grey,Plates,3024,PLATE 1X1,/cdn/cs/set/assets/blt81cca285b9e0c35f/4211399.jpg,664,0
4211405,75105-1,1,Medium Stone Grey,Plates,3033,PLATE 6x10,/cdn/cs/set/assets/blt978d37e6a6bda1a6/4211405.jpg,130,0
4211413,75105-1,5,Medium Stone Grey,Plates,3068,FLAT TILE 2X2,/cdn/cs/set/assets/blta0454d9bda65c3d1/4211413.jpg,500,0
4211414,75105-1,8,Medium Stone Grey,Plates,3069,FLAT TILE 1X2,/cdn/cs/set/assets/blt789a92b6d2e043c3/4211414.jpg,696,0
4211428,75105-1,2,Medium Stone Grey,Bricks,3622,BRICK 1X3,/cdn/cs/set/assets/blt39e0e56e4c5c5959/4211428.jpg,403,0
4211429,75105-1,10,Medium Stone Grey,Plates,3623,PLATE 1X3,/cdn/cs/set/assets/bltdd9cced6fd59074f/4211429.jpg,656,0
4211437,75105-1,24,Medium Stone Grey,Bricks,3665,ROOF TILE 1X2 INV.,/cdn/cs/set/assets/blt40043c14ef9e3a81/4211437.jpg,328,0
4211440,75105-1,8,Medium Stone Grey,Bricks,3700,"TECHNIC BRICK 1X2, Ø4.9",/cdn/cs/set/assets/blt6d2255aff1af8aac/4211440.jpg,455,6
4211452,75105-1,5,Medium Stone Grey,Plates,3795,PLATE 2X6,/cdn/cs/set/assets/blt802915e085ba74c7/4211452.jpg,742,5
4211462,75105-1,3,Medium Stone Grey,Plates,3832,PLATE 2X10,/cdn/cs/set/assets/blt6d4208ef4b898b41/4211462.jpg,368,3
4211466,75105-1,6,Medium Stone Grey,Bricks,3894,"BRICK 1X6, Ø4,9",/cdn/cs/set/assets/blt58a6b412b4be27af/4211466.jpg,138,4
4211474,75105-1,4,Medium Stone Grey,Plates,3958,PLATE 6X6,/cdn/cs/set/assets/bltb02cf2930b861e15/4211474.jpg,148,0
4211475,75105-1,1,Medium Stone Grey,Plates,4032,PLATE 2X2 ROUND,/cdn/cs/set/assets/blt1f7d84cde5b6ef8c/4211475.jpg,507,0
4211476,75105-1,4,Medium Stone Grey,Bricks,4070,ANGULAR BRICK 1X1,/cdn/product-assets/element.img.lod5photo.192x192/4211476.jpg,339,4
4211481,75105-1,6,Medium Stone Grey,Plates,4162,FLAT TILE 1X8,/cdn/cs/set/assets/blt6f8bdf28c3537261/4211481.jpg,358,6
4211494,75105-1,4,Medium Stone Grey,Bricks,4460,ROOF TILE 1X2X3/73°,/cdn/product-assets/element.img.lod5photo.192x192/4211494.jpg,121,1
4211498,75105-1,4,Medium Stone Grey,Plates,4510,PLATE 1X8 WITH RAIL,/cdn/cs/set/assets/blte3e833d2196bb7d9/4211498.jpg,123,0
4211503,75105-1,2,Medium Stone Grey,Buildings & Furniture,4599,TAP Ø4.9/6.4,/cdn/cs/set/assets/blt93fb409ea7b6db56/4211503.jpg,362,0
4211512,75105-1,1,Medium Stone Grey,Plates,4740,PARABOLA Ø16,/cdn/cs/set/assets/blt39a2853115596232/4211512.jpg,279,0
4211519,75105-1,2,Medium Stone Grey,Bricks,6091,BRICK W. ARCH 1X1X1 1/3,/cdn/cs/set/assets/blta53ffd3e73cbd899/4211519.jpg,103,0
4211520,75105-1,1,Medium Stone Grey,Plates,6106,CORNER PLATE 6X6X45°,/cdn/product-assets/element.img.lod5photo.192x192/4211520.jpg,82,0
4211522,75105-1,2,Medium Stone Grey,Bricks,6112,BRICK 1X12,/cdn/cs/set/assets/blt987fa1a3f80b69ff/4211522.jpg,132,0
4211541,75105-1,2,Medium Stone Grey,Bricks,32000,"BRICK 1X2 M. 2 HOLES Ø 4,87",/cdn/cs/set/assets/bltbf67cf72676d365f/4211541.jpg,287,2
4211549,75105-1,36,Medium Stone Grey,Plates,6636,FLAT TILE 1X6,/cdn/cs/set/assets/bltd701c4b012cc5e34/4211549.jpg,501,0
4211564,75105-1,2,Medium Stone Grey,Bricks,3245,BRICK 1X2X2,/cdn/product-assets/element.img.lod5photo.192x192/4211564.jpg,201,0
4211570,75105-1,2,Medium Stone Grey,Bricks,3747,ROOF TILE 2X3/25° INV.,/cdn/product-assets/element.img.lod5photo.192x192/4211570.jpg,175,2
4211614,75105-1,4,Medium Stone Grey,Bricks,3040,ROOF TILE 1X2/45°,/cdn/cs/set/assets/blt24143c2d6be9fa8f/4211614.jpg,428,0
4211616,75105-1,1,Medium Stone Grey,Plates,30355,LEFT WING 6X12,/cdn/product-assets/element.img.lod5photo.192x192/4211616.jpg,62,1
4211617,75105-1,1,Medium Stone Grey,Plates,30356,RIGHT WING 6X12,/cdn/product-assets/element.img.lod5photo.192x192/4211617.jpg,64,1
4211716,75105-1,1,Medium Stone Grey,Bricks,32531,"4X6 BRICK, Ø 4,85",/cdn/product-assets/element.img.lod5photo.192x192/4211716.jpg,105,0
4211733,75105-1,5,Medium Stone Grey,Plates,3027,PLATE 6X16,/cdn/cs/set/assets/blt59ae1bcab28306da/4211733.jpg,44,2
4211752,75105-1,4,Medium Stone Grey,Bricks,30000,BEARING ELEMENT 2X2 W.D. SNAP,/cdn/product-assets/element.img.lod5photo.192x192/4211752.jpg,57,1
4211791,75105-1,3,Medium Stone Grey,Plates,43722,RIGHT PLATE 2X3 W/ANGLE,/cdn/cs/set/assets/bltacedb92b2f0870b4/4211791.jpg,197,0
4211794,75105-1,3,Medium Stone Grey,Plates,43723,LEFT PLATE 2X3 W/ANGLE,/cdn/cs/set/assets/blte558c4be62872bc8/4211794.jpg,197,0
4211795,75105-1,16,Medium Stone Grey,Bricks,44237,BRICK 2X6,/cdn/cs/set/assets/blt0280e7bca50b0f37/4211795.jpg,267,10
4211848,75105-1,1,Medium Stone Grey,Bricks,32532,"6X8 BRICK, Ø 4,85",/cdn/product-assets/element.img.lod5photo.192x192/4211848.jpg,61,1
4211860,75105-1,10,Medium Stone Grey,Bricks,3895,"TECHNIC BRICK 1X12, Ø4,9",/cdn/cs/set/assets/blte003cc62ce75c157/4211860.jpg,85,10
4221775,75105-1,3,Medium Stone Grey,Buildings & Furniture,73587,MINI ANTENNA GREY/BLACK,/cdn/cs/set/assets/blta0233510519605a7/4221775.jpg,261,1
4234535,75105-1,7,Medium Stone Grey,Bricks,3678,ROOF TILE 2X2X2/65 DEG.,/cdn/product-assets/element.img.lod5photo.192x192/4234535.jpg,108,0
4244627,75105-1,3,Medium Stone Grey,Plates,48336,PLATE 1X2 W. STICK 3.18,/cdn/cs/set/assets/blt616604b43d3daffb/4244627.jpg,478,0
4251163,75105-1,14,Medium Stone Grey,Bricks,50950,Brick w/bow 1/3,/cdn/cs/set/assets/blted5a11c9de341ecf/4251163.jpg,114,0
4268343,75105-1,3,Medium Stone Grey,Plates,30504,CORNER PLATE 45 DEG. 8X8,/cdn/product-assets/element.img.lod5photo.192x192/4268343.jpg,40,0
4282786,75105-1,4,Medium Stone Grey,Plates,54383,RIGHT PLATE 3X6 W. ANGLE,/cdn/cs/set/assets/blt54d59322bae3f058/4282786.jpg,135,4
4282789,75105-1,4,Medium Stone Grey,Plates,54384,LEFT PLATE 3X6 W ANGLE,/cdn/cs/set/assets/blt1e64a930680967ad/4282789.jpg,129,4
4507056,75105-1,1,Medium Stone Grey,Plates,51739,PLATE 2X4X18°,/cdn/product-assets/element.img.lod5photo.192x192/4507056.jpg,151,1
4509914,75105-1,2,Medium Stone Grey,Bricks,4445,ROOF TILE 2X8/45°,/cdn/product-assets/element.img.lod5photo.192x192/4509914.jpg,19,2
4514846,75105-1,3,Medium Stone Grey,Plates,60479,PLATE 1X12,/cdn/product-assets/element.img.lod5photo.192x192/4514846.jpg,224,3
4520320,75105-1,8,Medium Stone Grey,Miscellaneous,61184,3 m.arch w.knob and shaft ø3.2,/cdn/product-assets/element.img.lod5photo.192x192/4520320.jpg,415,0
4529241,75105-1,8,Medium Stone Grey,Bricks,59900,NOSE CONE SMALL 1X1,/cdn/cs/set/assets/blt91f78b234981e982/4529241.jpg,291,0
4535738,75105-1,58,Medium Stone Grey,Plates,63868,"PLATE 2X1 W/HOLDER,VERTICAL",/cdn/cs/set/assets/bltd9a6d4d967f3132b/4535738.jpg,165,13
4540203,75105-1,3,Medium Stone Grey,Miscellaneous,3679,"TURN PLATE 2X2, UPPER PART",/cdn/cs/set/assets/bltf71721299a700d03/4540203.jpg,601,0
4558169,75105-1,10,Medium Stone Grey,Plates,63864,FLAT TILE 1x3,/cdn/cs/set/assets/bltd8a89e14c1768daf/4558169.jpg,367,10
4560183,75105-1,3,Medium Stone Grey,Plates,87079,FLAT TILE 2X4,/cdn/product-assets/element.img.lod5photo.192x192/4560183.jpg,485,3
4565433,75105-1,2,Medium Stone Grey,Buildings & Furniture,87618,Function element MALE,/cdn/product-assets/element.img.lod5photo.192x192/4565433.jpg,100,0
4568637,75105-1,7,Medium Stone Grey,Bricks,85984,"ROOF TILE 1 X 2 X 2/3, ABS",/cdn/cs/set/assets/bltddea98d9d4a3178c/4568637.jpg,481,0
4597901,75105-1,4,Medium Stone Grey,Bricks,88930,PLATE W. BOW 2x4x2/3,/cdn/cs/set/assets/blt35571a8de37f9cf4/4597901.jpg,43,0
4598522,75105-1,2,Medium Stone Grey,Plates,92438,PLATE 8X16,/cdn/product-assets/element.img.lod5photo.192x192/4598522.jpg,53,2
4598526,75105-1,6,Medium Stone Grey,Plates,92280,PLATE 1X2 W. VERTICAL GRIP,/cdn/cs/set/assets/blt4a972e4eb70a78bf/4598526.jpg,267,0
4625582,75105-1,2,Medium Stone Grey,Plates,6177,PLATE Ø63.84 W. 4 KNOBS,/cdn/product-assets/element.img.lod5photo.192x192/4625582.jpg,13,2
4629798,75105-1,1,Medium Stone Grey,Bricks,48310,"CONE, HALF 8X4X6",/cdn/product-assets/element.img.lod5photo.192x192/4629798.jpg,4,1
4654580,75105-1,1,Medium Stone Grey,Plates,99207,ANGULAR PLATE 1.5 BOT. 1X2 2/2,/cdn/cs/set/assets/blt60c587353ff9abfe/4654580.jpg,578,1
6015349,75105-1,4,Medium Stone Grey,Plates,11213,PLATE 6X6 ROUND WITH TUBE SNAP,/cdn/product-assets/element.img.lod5photo.192x192/6015349.jpg,145,0
6028015,75105-1,4,Medium Stone Grey,Plates,11833,Plate Round 4X4 with Ø16mm hole,/cdn/product-assets/element.img.lod5photo.192x192/6028015.jpg,19,4
6043639,75105-1,1,Medium Stone Grey,Plates,14418,PLATE 1X2 BALL CUP / FRICTION END,/cdn/cs/set/assets/bltc6aa438f7e6570b0/6043639.jpg,433,0
6048848,75105-1,2,Medium Stone Grey,Plates,14181,AEROPLANEWING 4X9,/cdn/cs/set/assets/blt488c550cc8eb3406/6048848.jpg,38,0
6052200,75105-1,4,Medium Stone Grey,Plates,14769,"FLAT TILE 2X2, ROUND",/cdn/cs/set/assets/blt8b3d0ae82b3bb65e/6052200.jpg,254,0
6056596,75105-1,1,Medium Stone Grey,"Cables, Hoses & Strings",14301,FLEX TUBE 12 M,/cdn/product-assets/element.img.lod5photo.192x192/6056596.jpg,23,0
6066097,75105-1,4,Medium Stone Grey,Plates,15573,PLATE 1X2 W. 1 KNOB,/cdn/cs/set/assets/blt0937ad071b3f7b45/6066097.jpg,650,0
6075237,75105-1,1,Medium Stone Grey,Minifigure Parts,62810,WIG BOY,/cdn/product-assets/element.img.lod5photo.192x192/6075237.jpg,18,0
6081975,75105-1,3,Medium Stone Grey,Buildings & Furniture,18274,STICK 6M W/FLANGE,/cdn/product-assets/element.img.lod5photo.192x192/6081975.jpg,59,0
6117967,75105-1,2,Medium Stone Grey,Plates,21712,ANGLE PLATE 1X2 / 2X2,/cdn/cs/set/assets/blt54d76bb44566cff9/6117967.jpg,279,2
6118827,75105-1,2,Medium Stone Grey,Plates,21731,ANGLE PLATE 1X2 / 2X4,/cdn/cs/set/assets/blt9ed048e5521a91d8/6118827.jpg,116,0
6124903,75105-1,1,Medium Stone Grey,Minifigure Parts,76382,MINI UPPER PART NO 3145,/cdn/product-assets/element.img.lod5photo.192x192/6124903.jpg,6,0
6146223,75105-1,2,Medium Stone Grey,Buildings & Furniture,26169,WALL ELEMENT 1X2X1,/cdn/product-assets/element.img.lod5photo.192x192/6146223.jpg,146,0
6206249,75105-1,8,Medium Stone Grey,Bricks,31493,BRICK 1X2 WITH CROSS HOLE,/cdn/product-assets/element.img.lod5photo.192x192/6206249.jpg,196,0
4211375,75105-1,1,Medium Stone Grey,Connectors,2736,BALL W. CROSS AXLE,/cdn/product-assets/element.img.lod5photo.192x192/4211375.jpg,377,0
4211610,75105-1,4,Medium Stone Grey,Technic Beams,32140,TECHNIC ANG. BEAM 4X2 90 DEG,/cdn/product-assets/element.img.lod5photo.192x192/4211610.jpg,91,0
4211713,75105-1,2,Medium Stone Grey,Technic Beams,32526,TECHNIC ANG. BEAM 3X5 90 DEG.,/cdn/cs/set/assets/blt2c109b893e529ee8/4211713.jpg,123,0
4211815,75105-1,4,Medium Stone Grey,Connectors,4519,CROSS AXLE 3M,/cdn/cs/set/assets/blt260be1514b6882e4/4211815.jpg,1248,0
4667578,75105-1,6,Medium Stone Grey,Miscellaneous,2723,DISK Ø24,/cdn/product-assets/element.img.lod5photo.192x192/4667578.jpg,62,5
6173127,75105-1,2,Medium Stone Grey,Connectors,29219,"TUBE, W/ DOUBLE 4.85 HOLE",/cdn/cs/set/assets/bltcb65b48dfaaba90b/6173127.jpg,181,0
4211311,75105-1,1,Reddish Brown,Minifigure Accessories,2561,MINI FLINTGUN,/cdn/product-assets/element.img.lod5photo.192x192/4211311.jpg,46,0
4536847,75105-1,1,Reddish Brown,Minifigure Accessories,2562,MINI FLINTLOCK PISTOL,/cdn/product-assets/element.img.lod5photo.192x192/4536847.jpg,33,0
6036503,75105-1,2,Reddish Brown,Bricks,92947,PROFILE BRICK Ø15.83 W. CROSS,/cdn/cs/set/assets/blt0a910fb566a8a629/6036503.jpg,84,0
6092590,75105-1,2,Reddish Brown,Plates,15573,PLATE 1X2 W. 1 KNOB,/cdn/cs/set/assets/blt46838dc3e302c2af/6092590.jpg,318,0
6127307,75105-1,1,Reddish Brown,Minifigure Parts,23952,MINI HEAD NO '1807',/cdn/product-assets/element.img.lod5photo.192x192/6127307.jpg,6,0
4247145,75105-1,1,Sand Yellow,Bricks,3001,BRICK 2X4,/cdn/cs/set/assets/blt6d4c4674fc7d8d0c/4247145.jpg,73,0
4255416,75105-1,1,Sand Yellow,Bricks,3003,BRICK 2X2,/cdn/cs/set/assets/blt7ccd9c9303599e97/4255416.jpg,127,0
4267874,75105-1,2,Sand Yellow,Plates,3020,PLATE 2X4,/cdn/cs/set/assets/blt0ca3b095afbf5c2b/4267874.jpg,291,0
4496699,75105-1,3,Sand Yellow,Plates,3069,FLAT TILE 1X2,/cdn/cs/set/assets/blt4d53ad56bac4803d/4496699.jpg,218,0
4528604,75105-1,14,Sand Yellow,Plates,3023,PLATE 1X2,/cdn/cs/set/assets/blt1cf09ed103255f81/4528604.jpg,422,0
4550329,75105-1,4,Sand Yellow,Plates,3795,PLATE 2X6,/cdn/cs/set/assets/blt1fadb9aa71103629/4550329.jpg,209,0
4616593,75105-1,4,Sand Yellow,Bricks,3678,ROOF TILE 2X2X2/65 DEG.,/cdn/product-assets/element.img.lod5photo.192x192/4616593.jpg,30,0
4626904,75105-1,6,Sand Yellow,Plates,3710,PLATE 1X4,/cdn/cs/set/assets/blt4ac9ae09e537fb12/4626904.jpg,268,0
6001822,75105-1,8,Sand Yellow,Bricks,3010,BRICK 1X4,/cdn/cs/set/assets/blt5c11f2d418bbe46d/6001822.jpg,93,0
6035540,75105-1,2,Sand Yellow,Plates,3021,PLATE 2X3,/cdn/product-assets/element.img.lod5photo.192x192/6035540.jpg,191,0
6101254,75105-1,4,Sand Yellow,Bricks,11477,PLATE W. BOW 1X2X2/3,/cdn/cs/set/assets/blt2807b12c324f4ea1/6101254.jpg,84,0
6125647,75105-1,1,Sand Yellow,Minifigure Parts,23865,MINI LOWER PART 'NO. 932',/cdn/product-assets/element.img.lod5photo.192x192/6125647.jpg,6,0
4619636,75105-1,20,Silver Metallic,Plates,2412,RADIATOR GRILLE 1X2,/cdn/product-assets/element.img.lod5photo.192x192/4619636.jpg,444,0
4655241,75105-1,4,Silver Metallic,Plates,98138,"FLAT TILE 1X1, ROUND",/cdn/product-assets/element.img.lod5photo.192x192/4655241.jpg,77,0
6020990,75105-1,2,Silver Metallic,Plates,75937,PARABOLIC RING,/cdn/product-assets/element.img.lod5photo.192x192/6020990.jpg,79,2
6124928,75105-1,1,Silver Metallic,Minifigure Accessories,92738,BLASTER SMALL,/cdn/product-assets/element.img.lod5photo.192x192/6124928.jpg,18,0
4631480,75105-1,1,Transparent,Plates,96926,"ROUND PLATE Ø32X6,4 FALCON DEC",/cdn/product-assets/element.img.lod5photo.192x192/4631480.jpg,2,1
6230167,75105-1,1,Transparent,Bricks,96922,"CONE, HALF 8X4X6,FALCON DEC.1",/cdn/product-assets/element.img.lod5photo.192x192/6230167.jpg,1,0
6240215,75105-1,4,Transparent Blue,Plates,28653,PLATE 1X2,/cdn/cs/set/assets/bltc07f4139bce73287/6240215.jpg,72,0
6240227,75105-1,1,Transparent Bright Orange,Plates,34823,PLATE 1X1 ROUND,/cdn/product-assets/element.img.lod5photo.192x192/6240227.jpg,213,0
6240225,75105-1,2,Transparent Light Blue,Plates,34823,PLATE 1X1 ROUND,/cdn/cs/set/assets/blt350a1a45348de84d/6240225.jpg,269,0
4631648,75105-1,1,Transparent Light Blue,"Cables, Hoses & Strings",43675,CORRUGATED PIPE 152MM,/cdn/product-assets/element.img.lod5photo.192x192/4631648.jpg,3,0
4646864,75105-1,2,Transparent Red,Plates,98138,"FLAT TILE 1X1, ROUND",/cdn/cs/set/assets/blt49437c23c483b7b7/4646864.jpg,167,0
6054526,75105-1,3,Transparent Red,Miscellaneous,15303,ARROW 8M FOR SPRING SHOOTER,/cdn/product-assets/element.img.lod5photo.192x192/6054526.jpg,69,0
6208450,75105-1,5,Transparent Red,Plates,34823,PLATE 1X1 ROUND,/cdn/cs/set/assets/bltb9b71a2743b44443/6208450.jpg,422,0
300401,75105-1,1,White,Bricks,3004,BRICK 1X2,/cdn/cs/set/assets/blta73c5691a72732dc/300401.jpg,1263,0
379501,75105-1,1,White,Plates,3795,PLATE 2X6,/cdn/cs/set/assets/bltd61a602677f3172f/379501.jpg,775,0
393701,75105-1,1,White,Miscellaneous,3937,ROCKER BEARING 1X2,/cdn/product-assets/element.img.lod5photo.192x192/393701.jpg,200,0
434501,75105-1,1,White,Buildings & Furniture,4345,"MAILBOX, CASING 2X2X2",/cdn/cs/set/assets/bltc0f48f3c281d9f2d/434501.jpg,130,0
434601,75105-1,1,White,Buildings & Furniture,4346,"MAILBOX, FRONT 2X2",/cdn/cs/set/assets/blte0d4c8494a8e2da8/434601.jpg,75,0
4538353,75105-1,2,White,Plates,61252,PLATE 1X1 W/HOLDER VERTICAL,/cdn/cs/set/assets/blt060f9bf695c197e0/4538353.jpg,144,0
4560929,75105-1,1,White,Plates,87609,PLATE 2X6X2/3 W 4 HOR. KNOB,/cdn/product-assets/element.img.lod5photo.192x192/4560929.jpg,61,0
4597131,75105-1,1,White,Plates,92593,PLATE 1X4 W. 2 KNOBS,/cdn/cs/set/assets/blt9dceadf5775c7dd9/4597131.jpg,144,0
4598527,75105-1,4,White,Plates,92280,PLATE 1X2 W. VERTICAL GRIP,/cdn/product-assets/element.img.lod5photo.192x192/4598527.jpg,98,0
6124646,75105-1,1,White,Minifigure Accessories,23724,MINI HAT NO. 8 'DECO NO.1',/cdn/product-assets/element.img.lod5photo.192x192/6124646.jpg,4,0
6195427,75105-1,1,White,Bricks,34463,DOUBLE SPHERE 2X2X1 2/3 W/KNOB'NO.1',/cdn/product-assets/element.img.lod5photo.192x192/6195427.jpg,4,0